{"grav": 9.80665, "rho_water": 1000, "mesh": "", "rotmat_eq": [[1.0, 0.0, 0.0], [0.0, 1.0, 0.0], [0.0, 0.0, 1.0]], "z_eq": 0.0, "cog": [1.300095141018228, 1.3000951410182333, -0.8699904858981555], "wet_surface_area": 1185.6048430627907, "disp_volume": 3233.4831630958633, "disp_mass": 3233483.1630958635, "buoyancy_center": [1.136130185787222, 1.430257746786975, -3.7650096012101835], "waterplane_center": [1.533587669090276, 1.985117578652632, 0.0], "waterplane_area": 479.0932922676884, "transversal_metacentric_radius": 5.668872802252778, "longitudinal_metacentric_radius": 5.0232631328450505, "transversal_metacentric_height": 2.7738536869407504, "longitudinal_metacentric_height": 2.1282440175330226, "stiffness_matrix": [[4698300.234616926, 9326678.385525845, -7205255.305492469], [9326678.385525845, 87957895.33855768, 0.0], [-7205255.305492469, 0.0, 67485846.65095915]], "length_at_waterline": 24.9450939694007, "breadth_at_waterline": 24.700376550876463, "length_overall_submerged": 25.0, "breadth_overall_submerged": 24.755282581475768, "draught": 11.0, "forward_perpendicular": 16.136130185787223, "breadth": 24.700376550876463, "trust_lpp": false, "length_between_perpendiculars": 24.9450939694007, "Ixx": 175505174.73054668, "Iyy": 166981804.42264435, "Izz": 204024896.265397, "Ixy": 5465386.430790375, "Ixz": -12841441.672895953, "Iyz": -15353546.593258426, "inertia_matrix": [[167592418.42213365, -1.8189894035458565e-09, 9184144.567069894], [-1.8189894035458565e-09, 159069048.11423132, 11696249.487432355], [9184144.567069894, 11696249.487432355, 193094123.40381625]]}