{"grav": 9.80665, "rho_water": 1000, "mesh": "", "rotmat_eq": [[1.0, 0.0, 0.0], [0.0, 1.0, 0.0], [0.0, 0.0, 1.0]], "z_eq": 0.0, "cog": [1.3000951410182862, 1.3000951410182717, -0.8699904858981825], "wet_surface_area": 1185.1868965310575, "disp_volume": 3230.447710333446, "disp_mass": 3230447.710333446, "buoyancy_center": [1.1371977373528706, 1.4316016719074982, -3.7652803333022975], "waterplane_center": [1.5347475319946635, 1.9866189367339007, 0.0], "waterplane_area": 478.73122454915034, "transversal_metacentric_radius": 5.668666834514111, "longitudinal_metacentric_radius": 5.022450525460687, "transversal_metacentric_height": 2.7733769871099963, "longitudinal_metacentric_height": 2.1271606780565717, "stiffness_matrix": [[4694749.563224925, 9326678.385525845, -7205255.3054924775], [9326678.385525845, 87860222.51952644, 0.0], [-7205255.3054924775, 0.0, 67388173.83192798]], "length_at_waterline": 24.70439774485452, "breadth_at_waterline": 24.684765438738772, "length_overall_submerged": 24.755282581475768, "breadth_overall_submerged": 24.735549865758486, "draught": 11.0, "forward_perpendicular": 15.892480318828639, "breadth": 24.684765438738772, "trust_lpp": false, "length_between_perpendiculars": 24.70439774485452, "Ixx": 175312691.64333713, "Iyy": 166789321.3354349, "Izz": 203742884.27445167, "Ixy": 5460255.764725043, "Ixz": -12838008.36211559, "Iyz": -15350113.282478012, "inertia_matrix": [[151177436.17993265, -1.1576035986866582e-09, 1.8212692263797116e-09], [-1.1576035986866582e-09, 152220471.36071697, 4203728.217882578], [1.8212692263797116e-09, 4203728.217882578, 190279041.67152214]]}
