{"grav": 9.80665, "rho_water": 1000, "mesh": "", "rotmat_eq": [[1.0, 0.0, 0.0], [0.0, 1.0, 0.0], [0.0, 0.0, 1.0]], "z_eq": 0.0, "cog": [1.3000951410182862, 1.3000951410182717, -0.8699904858981825], "wet_surface_area": 1185.6048430627907, "disp_volume": 3233.483163095864, "disp_mass": 3233483.163095864, "buoyancy_center": [1.1361301857872215, 1.4302577467869748, -3.7650096012101826], "waterplane_center": [1.5335876690902768, 1.985117578652632, 0.0], "waterplane_area": 479.0932922676884, "transversal_metacentric_radius": 5.6688728022527775, "longitudinal_metacentric_radius": 5.02326313284505, "transversal_metacentric_height": 2.7738536869407775, "longitudinal_metacentric_height": 2.1282440175330497, "stiffness_matrix": [[4698300.234616926, 9326678.385525845, -7205255.305492472], [9326678.385525845, 87957895.33855854, 0.0], [-7205255.305492472, 0.0, 67485846.65096001]], "length_at_waterline": 24.700376550876467, "breadth_at_waterline": 24.700376550876463, "length_overall_submerged": 24.755282581475768, "breadth_overall_submerged": 24.755282581475768, "draught": 11.0, "forward_perpendicular": 15.89141276726299, "breadth": 24.700376550876463, "trust_lpp": false, "length_between_perpendiculars": 24.700376550876467, "Ixx": 175505174.7305472, "Iyy": 166981804.4226449, "Izz": 204024896.26539782, "Ixy": 5465386.430790783, "Ixz": -12841441.672896225, "Iyz": -15353546.59325865, "inertia_matrix": [[264522932.97708297, 7.503331289626658e-09, -1.1368683772161603e-09], [7.503331289626658e-09, 266345959.6605136, 7347315.653655913], [-1.1368683772161603e-09, 7347315.653655913, 333024503.2034064]]}