{"grav": 9.80665, "rho_water": 1000, "mesh": "", "rotmat_eq": [[1.0, 0.0, 0.0], [0.0, 1.0, 0.0], [0.0, 0.0, 1.0]], "z_eq": 0.0, "cog": [0, 0, 0], "wet_surface_area": 1185.6048430627907, "disp_volume": 3233.483163095864, "disp_mass": 3233483.163095864, "buoyancy_center": [7.031849679573886e-17, 1.4302577467869748, -3.7650096012101826], "waterplane_center": [1.878591942645237e-16, 1.9851175786526332, 0.0], "waterplane_area": 479.0932922676889, "transversal_metacentric_radius": 5.6688728022527615, "longitudinal_metacentric_radius": 2.751002761270605, "transversal_metacentric_height": 1.903863201042579, "longitudinal_metacentric_height": -1.0140068399395776, "stiffness_matrix": [[4698300.2346169315, 9326678.385525862, 0.0], [9326678.385525862, 60370812.261883914, 0.0], [0.0, 0.0, -32153789.48063892]], "length_at_waterline": 19.890187938801397, "breadth_at_waterline": 24.700376550876463, "length_overall_submerged": 20.0, "breadth_overall_submerged": 24.755282581475768, "draught": 11.0, "forward_perpendicular": 9.945093969400697, "breadth": 24.700376550876463, "trust_lpp": false, "length_between_perpendiculars": 19.890187938801397, "Ixx": 167592418.42213365, "Iyy": 122332469.84595178, "Izz": 156357545.1355367, "Ixy": 1.3642420526593924e-09, "Ixz": 1.8189894035458565e-09, "Iyz": -11696249.487432355, "inertia_matrix": [[167592418.42213365, -0.0, -0.0], [-0.0, 122332469.84595175, 11696249.487432357], [-0.0, 11696249.487432357, 156357545.13553667]]}